INV-2025-001,ABC Corporation,35000,50000,AUTO-APPROVED,2025-08-31 21:14:56
INV-2025-003,Tech Solutions Inc,50000,75000,AUTO-APPROVED,2025-08-31 21:14:57
INV-2025-002,XYZ Limited,40000,25000,APPROVAL REQUIRED,2025-08-31 21:14:57
INV-2025-001,ABC Corporation,35000,50000,AUTO-APPROVED,2025-08-31 21:16:11
INV-2025-003,Tech Solutions Inc,50000,75000,AUTO-APPROVED,2025-08-31 21:16:11
INV-2025-002,XYZ Limited,40000,25000,APPROVAL REQUIRED,2025-08-31 21:16:11
INV-2025-001,ABC Corporation,35000,50000,AUTO-APPROVED,2025-08-31 21:17:54
INV-2025-003,Tech Solutions Inc,50000,75000,AUTO-APPROVED,2025-08-31 21:17:54
INV-2025-002,XYZ Limited,40000,25000,APPROVAL REQUIRED,2025-08-31 21:17:54
INV-2025-001,ABC Corporation,35000,50000,AUTO-APPROVED,2025-09-04 21:20:26
INV-2025-003,Tech Solutions Inc,50000,75000,AUTO-APPROVED,2025-09-04 21:20:26
INV-2025-002,XYZ Limited,40000,25000,APPROVAL REQUIRED,2025-09-04 21:20:27
INV-2025-001,ABC Corporation,35000,50000,AUTO-APPROVED,2025-09-04 21:27:11
INV-2025-003,Tech Solutions Inc,50000,N/A,INVALID VENDOR,2025-09-04 21:27:11
INV-2025-002,XYZ Limited,40000,25000,APPROVAL REQUIRED,2025-09-04 21:27:11
INV-2025-001,ABC Corporation,35000,50000,AUTO-APPROVED,2025-09-04 21:31:57
INV-2025-003,Tech Solutions Inc,50000,N/A,INVALID VENDOR,2025-09-04 21:31:57
INV-2025-002,XYZ Limited,40000,25000,APPROVAL REQUIRED,2025-09-04 21:31:57